,iteration,objective,outcome_rewards
0,0,-0.6214127,-34.23746
1,1,-0.6187092,-34.23736
2,2,-0.62196743,-34.237686
3,3,-0.6133352,-34.237442
