,iteration,objective,outcome_rewards
0,0,-0.107931994,-72.56557
1,1,-0.107931994,-72.56557
2,2,-0.107931994,-72.56557
3,3,-0.107931994,-72.56557
