,iteration,objective,outcome_rewards
0,0,5.2513283e-09,-23.798252
1,1,-4.33198e-09,-23.892506
2,2,-2.9483012e-09,-23.7445
