,iteration,objective,outcome_rewards
0,0,-2.7969876e-05,-92.116875
1,1,-1.4104575e-05,-89.85639
2,2,1.0747997e-06,-90.8149
