,iteration,objective,outcome_rewards
0,0,-0.4963019,-30.315311
1,1,-0.4936154,-29.987404
2,2,-0.4976164,-30.165466
3,3,-0.4929281,-29.888176
