,iteration,objective,outcome_rewards
0,0,-0.496683,-72.56557
1,1,-0.496683,-72.56557
2,2,-0.496683,-72.56557
3,3,-0.496683,-72.56557
