,iteration,objective,outcome_rewards
0,0,-0.5065937,-90.17906
1,1,-0.20849662,-87.48244
2,2,-0.13678333,-89.067154
