,iteration,objective,outcome_rewards
0,0,-0.49648565,-30.49879
1,1,-0.49648565,-30.49879
2,2,-0.49648565,-30.49879
3,3,-0.49648565,-30.49879
